{"cameraMode":{"drawMode":0,"name":"Shaded","section":"Shading Mode"},"sceneLighting":false,"audioPlay":false,"sceneViewState":{"showFog":true,"showMaterialUpdate":false,"showSkybox":false,"showFlares":true,"showImageEffects":true,"showParticleSystems":true},"in2DMode":false,"pivot":{"x":828.3323364257813,"y":-185.765380859375,"z":689.4728393554688},"rotation":{"x":-0.2754920721054077,"y":0.03661178797483444,"z":-0.010500546544790268,"w":-0.9605485796928406},"size":4231.93603515625,"orthographic":false}